image_index,class_predicted,max_prob
00039.jpg,3,0.8893237
00050.jpg,28,0.36373067
00072.jpg,30,0.7754693
00076.jpg,5,0.5908464
00117.jpg,29,0.74831414
00127.jpg,30,0.6271157
00137.jpg,40,0.89169735
00145.jpg,25,0.8794508
00176.jpg,5,0.6133095
00198.jpg,21,0.54548496
00237.jpg,30,0.8239765
00247.jpg,8,0.76405174
00287.jpg,30,0.87005377
00304.jpg,4,0.6974048
00305.jpg,8,0.5259387
00335.jpg,6,0.5804436
00339.jpg,28,0.8606422
00355.jpg,40,0.39430025
00374.jpg,11,0.89568484
00394.jpg,6,0.35894826
00430.jpg,11,0.6699451
00443.jpg,30,0.8364216
00492.jpg,1,0.48864678
00496.jpg,30,0.74624556
00499.jpg,14,0.36787462
00586.jpg,2,0.7709402
00637.jpg,29,0.52047646
00660.jpg,5,0.6029975
00663.jpg,7,0.85336834
00682.jpg,40,0.47990566
00727.jpg,11,0.6496552
00780.jpg,2,0.87606937
00781.jpg,33,0.78888243
00806.jpg,25,0.6031969
00859.jpg,23,0.86868113
00899.jpg,42,0.7922917
00904.jpg,28,0.870415
00988.jpg,7,0.60781145
01022.jpg,11,0.4513176
01073.jpg,33,0.6096668
01104.jpg,23,0.8207861
01209.jpg,11,0.60933584
01212.jpg,33,0.8845179
01275.jpg,8,0.65600014
01276.jpg,18,0.82936573
01317.jpg,11,0.8122018
01363.jpg,11,0.48546568
01402.jpg,30,0.8542388
01477.jpg,38,0.70845467
01504.jpg,7,0.881948
01573.jpg,3,0.72302234
01574.jpg,9,0.6296799
01583.jpg,18,0.8810752
01746.jpg,33,0.6598949
01763.jpg,41,0.6536776
01782.jpg,8,0.8667396
01790.jpg,40,0.55231565
01819.jpg,6,0.53209555
01861.jpg,42,0.79805815
01889.jpg,40,0.6894738
01898.jpg,21,0.69138175
01969.jpg,36,0.6683809
01985.jpg,29,0.77983385
02002.jpg,8,0.3504553
02025.jpg,3,0.47858265
02038.jpg,25,0.5086511
02139.jpg,1,0.8101094
02167.jpg,10,0.74834216
02191.jpg,5,0.82703334
02322.jpg,7,0.8942903
02342.jpg,21,0.8278478
02359.jpg,10,0.8844378
02361.jpg,30,0.8531894
02378.jpg,20,0.28134048
02428.jpg,5,0.46573213
02432.jpg,40,0.6583165
02460.jpg,25,0.5297735
02496.jpg,3,0.88333625
02503.jpg,33,0.50657374
02522.jpg,3,0.51070505
02577.jpg,14,0.43715099
02601.jpg,38,0.8889159
02687.jpg,5,0.79954183
02699.jpg,5,0.6818386
02725.jpg,34,0.52158767
02741.jpg,2,0.80939806
02753.jpg,5,0.5362756
02814.jpg,33,0.89340556
02836.jpg,3,0.59578395
02864.jpg,30,0.89148784
02880.jpg,33,0.6306688
02891.jpg,33,0.70506907
02918.jpg,23,0.5340573
02921.jpg,11,0.88403445
02922.jpg,8,0.57331234
02965.jpg,3,0.7906026
03039.jpg,42,0.72218585
03086.jpg,4,0.450369
03109.jpg,33,0.43822894
03138.jpg,7,0.77487046
03172.jpg,18,0.8806321
03250.jpg,28,0.80449563
03291.jpg,7,0.8788064
03341.jpg,33,0.65925354
03363.jpg,23,0.87638414
03373.jpg,23,0.7841844
03389.jpg,5,0.8986691
03439.jpg,2,0.7100454
03444.jpg,8,0.6754675
03567.jpg,30,0.78741056
03593.jpg,41,0.67000884
03595.jpg,3,0.60901517
03633.jpg,5,0.7093088
03660.jpg,8,0.868117
03704.jpg,38,0.43780226
03727.jpg,26,0.6831653
03732.jpg,3,0.76329786
03799.jpg,30,0.6586285
03815.jpg,33,0.3021216
03858.jpg,39,0.8292054
03930.jpg,8,0.52808654
04011.jpg,30,0.7838659
04044.jpg,25,0.43623912
04116.jpg,5,0.6987192
04130.jpg,40,0.5722977
04147.jpg,18,0.6408708
04185.jpg,21,0.8863579
04219.jpg,40,0.69838417
04236.jpg,2,0.7866977
04245.jpg,5,0.5753151
04267.jpg,5,0.8115968
04306.jpg,13,0.8010023
04314.jpg,26,0.7997843
04335.jpg,41,0.8953625
04443.jpg,21,0.890535
04449.jpg,3,0.49377254
04534.jpg,8,0.8265985
04560.jpg,5,0.8272834
04561.jpg,3,0.82333183
04575.jpg,8,0.57359284
04588.jpg,5,0.823487
04619.jpg,11,0.8900801
04634.jpg,11,0.70840293
04662.jpg,6,0.745295
04667.jpg,14,0.23452958
04783.jpg,25,0.65049374
04849.jpg,29,0.6679625
04883.jpg,26,0.8173508
04886.jpg,18,0.8790163
04898.jpg,40,0.725024
04932.jpg,42,0.7088977
04993.jpg,8,0.49545524
05073.jpg,38,0.7752227
05097.jpg,1,0.39259943
05108.jpg,39,0.72153467
05134.jpg,25,0.7758624
05180.jpg,21,0.78399795
05239.jpg,18,0.6793115
05298.jpg,13,0.8128874
05307.jpg,2,0.8412056
05332.jpg,25,0.72515315
05369.jpg,40,0.7074193
05485.jpg,5,0.6772599
05490.jpg,14,0.48086917
05507.jpg,25,0.3783794
05521.jpg,6,0.7034832
05555.jpg,33,0.5192931
05565.jpg,3,0.67084694
05641.jpg,5,0.86615795
05662.jpg,18,0.8813456
05878.jpg,18,0.7760869
06089.jpg,10,0.8787547
06114.jpg,3,0.78925496
06155.jpg,25,0.49046555
06220.jpg,26,0.53373677
06246.jpg,2,0.7007737
06253.jpg,1,0.7669888
06261.jpg,41,0.7623712
06274.jpg,6,0.70544803
06291.jpg,8,0.43216616
06339.jpg,8,0.5593116
06341.jpg,25,0.23788966
06356.jpg,25,0.50949264
06544.jpg,41,0.7647516
06603.jpg,11,0.7190904
06614.jpg,2,0.489824
06693.jpg,41,0.8985262
06704.jpg,33,0.8215213
06731.jpg,26,0.6575213
06768.jpg,24,0.8762754
06778.jpg,40,0.6371186
06862.jpg,33,0.53559524
06883.jpg,7,0.41083097
06901.jpg,25,0.511004
06910.jpg,8,0.8957389
06913.jpg,23,0.7919428
06936.jpg,5,0.8627213
06980.jpg,23,0.68369204
07035.jpg,26,0.60391283
07087.jpg,5,0.6575703
07090.jpg,29,0.5737447
07097.jpg,8,0.50892
07101.jpg,3,0.7847555
07119.jpg,5,0.87508285
07122.jpg,41,0.5310485
07142.jpg,25,0.86809224
07147.jpg,31,0.5836476
07258.jpg,42,0.87136155
07275.jpg,42,0.6272832
07421.jpg,3,0.8787136
07461.jpg,30,0.75920177
07473.jpg,3,0.87896055
07504.jpg,42,0.89012754
07579.jpg,2,0.61378676
07597.jpg,20,0.89290226
07633.jpg,23,0.5981616
07650.jpg,16,0.8910495
07684.jpg,6,0.5806861
07695.jpg,35,0.4770325
07756.jpg,8,0.71815735
07833.jpg,40,0.83113277
07835.jpg,5,0.8748803
07848.jpg,40,0.46276015
07861.jpg,5,0.6407725
07884.jpg,29,0.5472416
07886.jpg,31,0.75661546
07896.jpg,5,0.77170855
07927.jpg,33,0.45486972
07941.jpg,1,0.836812
07957.jpg,4,0.48592827
07995.jpg,23,0.36781028
07997.jpg,18,0.5576283
08007.jpg,25,0.7536549
08019.jpg,40,0.45626718
08030.jpg,33,0.6820731
08055.jpg,18,0.43629718
08121.jpg,1,0.71730924
08150.jpg,25,0.5331382
08167.jpg,31,0.5095187
08173.jpg,11,0.64437157
08208.jpg,6,0.5256459
08250.jpg,40,0.618219
08254.jpg,41,0.7537751
08278.jpg,8,0.5147554
08313.jpg,7,0.53567624
08337.jpg,33,0.5475385
08344.jpg,38,0.41880295
08355.jpg,31,0.79334545
08365.jpg,23,0.8156079
08382.jpg,40,0.6399085
08392.jpg,39,0.46662635
08427.jpg,15,0.41888845
08460.jpg,21,0.5036876
08483.jpg,23,0.7623819
08499.jpg,6,0.74863136
08531.jpg,39,0.7247182
08544.jpg,40,0.41798943
08556.jpg,40,0.75543916
08574.jpg,27,0.7214867
08587.jpg,20,0.52735573
08599.jpg,28,0.51208335
08611.jpg,8,0.83809143
08651.jpg,2,0.6151431
08658.jpg,1,0.5891454
08677.jpg,26,0.59826714
08702.jpg,25,0.71882397
08727.jpg,41,0.62855077
08859.jpg,24,0.7716032
08861.jpg,40,0.75069946
08869.jpg,33,0.59860116
08895.jpg,28,0.8210203
08918.jpg,6,0.88263184
08945.jpg,8,0.5676118
08947.jpg,5,0.8847285
09029.jpg,5,0.85674894
09086.jpg,1,0.5075906
09087.jpg,19,0.43500358
09111.jpg,11,0.89537984
09132.jpg,1,0.8848705
09139.jpg,3,0.68076396
09183.jpg,33,0.62743413
09233.jpg,42,0.86941385
09234.jpg,6,0.47318375
09246.jpg,30,0.75200844
09270.jpg,21,0.6677762
09364.jpg,39,0.6741397
09411.jpg,30,0.8301015
09434.jpg,19,0.41251874
09437.jpg,35,0.8520637
09475.jpg,9,0.86110586
09609.jpg,36,0.78137153
09659.jpg,25,0.52057105
09719.jpg,5,0.6633276
09782.jpg,0,0.71089876
09797.jpg,23,0.6184908
09804.jpg,25,0.6248651
09880.jpg,33,0.587212
09960.jpg,4,0.2859027
09974.jpg,11,0.6917318
010030.jpg,18,0.78541195
010056.jpg,33,0.51384217
010124.jpg,23,0.7178186
010136.jpg,7,0.5475785
010137.jpg,18,0.8003318
010173.jpg,25,0.8931804
010205.jpg,26,0.8804401
010245.jpg,21,0.6373164
010251.jpg,35,0.64710885
010276.jpg,31,0.74192417
010283.jpg,42,0.84458345
010290.jpg,16,0.87526006
010292.jpg,9,0.5325978
010300.jpg,7,0.80652946
010330.jpg,18,0.5392493
010365.jpg,8,0.73122185
010454.jpg,5,0.83318347
010477.jpg,21,0.6109183
010498.jpg,3,0.8822051
010519.jpg,40,0.8707997
010564.jpg,40,0.84589
010584.jpg,30,0.83848125
010586.jpg,20,0.47706723
010628.jpg,8,0.85282487
010698.jpg,9,0.625258
010708.jpg,4,0.8802233
010729.jpg,33,0.8441572
010749.jpg,5,0.862754
010823.jpg,26,0.83428705
010826.jpg,8,0.7982167
010835.jpg,40,0.42020825
010837.jpg,33,0.7355913
010845.jpg,40,0.5353494
010904.jpg,8,0.868632
010908.jpg,28,0.6712762
010927.jpg,35,0.53964376
010995.jpg,21,0.82047725
011028.jpg,40,0.64199734
011056.jpg,5,0.5592272
011070.jpg,6,0.8217527
011132.jpg,21,0.3823609
011133.jpg,16,0.77286327
011142.jpg,5,0.81078535
011183.jpg,26,0.7450234
011200.jpg,42,0.79456854
011202.jpg,3,0.676198
011226.jpg,39,0.7178846
011245.jpg,2,0.87155825
011270.jpg,8,0.8631402
011361.jpg,8,0.62366176
011415.jpg,28,0.5832044
011438.jpg,41,0.56782776
011442.jpg,3,0.6112248
011564.jpg,30,0.73795944
011637.jpg,5,0.7557875
011691.jpg,2,0.89328146
011734.jpg,35,0.65332574
011752.jpg,3,0.39557943
011829.jpg,5,0.74175256
011851.jpg,27,0.5724466
011866.jpg,21,0.7029012
011924.jpg,3,0.64927906
011967.jpg,18,0.5271099
011976.jpg,25,0.84728533
011977.jpg,25,0.67945504
011990.jpg,11,0.6977383
011999.jpg,19,0.49860865
012008.jpg,29,0.5483128
012024.jpg,20,0.55870956
012032.jpg,18,0.8863707
012039.jpg,33,0.8848682
012141.jpg,3,0.5752595
012153.jpg,3,0.57113403
012262.jpg,33,0.7866314
012283.jpg,2,0.83930826
012309.jpg,10,0.8408591
012354.jpg,11,0.48083875
012363.jpg,3,0.3848351
012369.jpg,24,0.6685852
012374.jpg,11,0.89624506
012569.jpg,23,0.63724947
012616.jpg,21,0.82574904
012627.jpg,6,0.89236903
